pulse_id,previous_pulse_id,start_time,end_time,birth_time,death_time,duration,inter_pulse_interval,peak_frequency_hz,mean_energy,max_energy,freq_norm,duration_norm,energy_norm,interval_norm,x_local,pos_x,pos_y,pos_z,size,brightness,color_r,color_g,color_b,visible,fade_in,fade_out
1,0,3.0359552,3.039232,3.0359552,20.3956224,0.0032768000000000796,0.0,46386.71875,0.18136210193236668,0.19268415868282318,0.8811881188118812,6.377659838149668e-14,0.03749702909117252,0.0,0.14885327549503957,1.7862393059404749,4.405940594059406,0.11249108727351756,0.08000000000002232,0.22999762327293805,0.1188118811881188,0.03749702909117252,0.8811881188118812,1,0.08,0.25
2,1,3.2210944,3.2260096,3.2210944,20.3956224,0.004915199999999675,0.18186239999999998,45623.779296875,0.20304759219288826,0.21852463781833653,0.8316831683168316,0.05882352941181066,0.12612250825106786,0.0821005917159763,0.15793067437843916,1.89516809254127,4.158415841584159,0.37836752475320357,0.10058823529413373,0.3008980066008543,0.16831683168316836,0.12612250825106786,0.8316831683168316,1,0.08,0.25
3,2,3.3193984,3.3308672,3.3193984,20.3956224,0.011468800000000279,0.09338880000000005,45623.779296875,0.262348388787359,0.36822737753391266,0.8316831683168316,0.29411764705887794,0.3684763333022914,0.04215976331360948,0.16275053219263363,1.9530063863116036,4.158415841584159,1.1054289999068743,0.18294117647060726,0.49478106664183313,0.16831683168316836,0.3684763333022914,0.8316831683168316,1,0.08,0.25
4,3,3.4226176,3.4308096,3.4226176,20.3956224,0.008191999999999755,0.09175040000000001,46081.54296875,0.23688212198515732,0.28379851877689366,0.8613861386138614,0.17647058823533632,0.264399364294694,0.04142011834319526,0.16781138289753786,2.0137365947704544,4.306930693069307,0.793198092884082,0.14176470588236773,0.4115194914357552,0.13861386138613863,0.264399364294694,0.8613861386138614,1,0.08,0.25
5,4,3.5209216,3.5323904,3.5209216,20.3956224,0.011468800000000279,0.09011199999999997,46234.130859375,0.33622191855683925,0.4848367542028428,0.8712871287128713,0.29411764705887794,0.6703868225003119,0.040680473372781044,0.17263124071173233,2.071574888540788,4.356435643564357,2.0111604675009356,0.18294117647060726,0.7363094580002496,0.12871287128712872,0.6703868225003119,0.8712871287128713,1,0.08,0.25
6,5,3.612672,3.6241408,3.612672,20.3956224,0.011468800000000279,0.08028159999999973,46386.71875,0.32316518267616634,0.46463576257228856,0.8811881188118812,0.29411764705887794,0.6170258212138692,0.03624260355029573,0.17712977467164717,2.125557296059766,4.405940594059406,1.8510774636416074,0.18294117647060726,0.6936206569710954,0.1188118811881188,0.6170258212138692,0.8811881188118812,1,0.08,0.25
7,6,3.7044224,3.7175296,3.7044224,20.3956224,0.013107200000000319,0.08028159999999973,45928.955078125,0.3637546498742369,0.5493774235248566,0.8514851485148515,0.35294117647064077,0.7829091347132493,0.03624260355029573,0.181628308631562,2.1795397035787443,4.257425742574258,2.3487274041397477,0.20352941176472428,0.8263273077705995,0.14851485148514854,0.7829091347132493,0.8514851485148515,1,0.08,0.25
8,7,3.7994496,3.8109184,3.7994496,20.3956224,0.011468799999999835,0.08191999999999977,45928.955078125,0.35095157055184245,0.5086401641368866,0.8514851485148515,0.294117647058862,0.7305847912910931,0.03698224852070995,0.1862875045186167,2.2354500542234,4.257425742574258,2.1917543738732794,0.1829411764706017,0.7844678330328745,0.14851485148514854,0.7305847912910931,0.8514851485148515,1,0.08,0.25
9,8,3.8977536,3.915776,3.8977536,20.3956224,0.018022399999999994,0.08683520000000033,46539.306640625,0.31990519848962623,0.5558336496353149,0.8910891089108911,0.5294117647059133,0.6037027348037928,0.0392011834319528,0.19110736233281117,2.293288347993734,4.455445544554456,1.8111082044113784,0.26529411764706967,0.6829621878430343,0.1089108910891089,0.6037027348037928,0.8910891089108911,1,0.08,0.25
10,9,4.1058304,4.1156608,4.1058304,20.3956224,0.00983039999999935,0.19005440000000018,46081.54296875,0.293789849111012,0.39870496988296505,0.8613861386138614,0.23529411764708322,0.4969730586792332,0.0857988165680474,0.2013093947061895,2.415712736474274,4.306930693069307,1.4909191760376996,0.16235294117647914,0.5975784469433866,0.13861386138613863,0.4969730586792332,0.8613861386138614,1,0.08,0.25
11,10,4.2057728,4.2123264,4.2057728,20.3956224,0.006553600000000159,0.09011200000000041,46386.71875,0.2140032781660557,0.2408812776207924,0.8811881188118812,0.11764705882358943,0.17089682080903326,0.040680473372781245,0.20620958348395388,2.4745150018074464,4.405940594059406,0.5126904624270998,0.1211764705882563,0.33671745664722663,0.1188118811881188,0.17089682080903326,0.8811881188118812,1,0.08,0.25
12,11,4.2991616,4.3073536,4.2991616,20.3956224,0.008192000000000199,0.08683519999999945,46081.54296875,0.21590497344732285,0.2625257521867752,0.8613861386138614,0.17647058823535228,0.17866877585794622,0.039201183431952405,0.21078844840743863,2.5294613808892636,4.306930693069307,0.5360063275738387,0.1417647058823733,0.34293502068635695,0.13861386138613863,0.17866877585794622,0.8613861386138614,1,0.08,0.25
13,12,5.6885248,5.6967168,5.6885248,20.3956224,0.008192000000000199,1.3811711999999998,44860.83984375,0.2411427712688843,0.30595320761203765,0.7821782178217822,0.17647058823535228,0.281812025007742,0.6235207100591713,0.27890910551472065,3.346909266176648,3.910891089108911,0.8454360750232259,0.1417647058823733,0.42544962000619363,0.2178217821782178,0.281812025007742,0.7821782178217822,1,0.08,0.25
14,13,5.7802752,5.7851904,5.7802752,20.3956224,0.0049152000000001195,0.08355840000000025,44860.83984375,0.2070949699729681,0.2270866468548775,0.7821782178217822,0.05882352941182661,0.1426635590085739,0.03772189349112436,0.2834076394746355,3.400891673695626,3.910891089108911,0.4279906770257217,0.10058823529413931,0.31413084720685913,0.2178217821782178,0.1426635590085739,0.7821782178217822,1,0.08,0.25
15,14,5.8753024,5.8834944,5.8753024,20.3956224,0.008192000000000199,0.09011199999999953,44250.48828125,0.26559361579517526,0.34013219475746154,0.7425742574257426,0.17647058823535228,0.38173910924579607,0.04068047337278084,0.28806683536169014,3.4568020243402815,3.7128712871287126,1.1452173277373883,0.1417647058823733,0.5053912873966369,0.25742574257425743,0.38173910924579607,0.7425742574257426,1,0.08,0.25
16,15,6.0735488,6.0817408,6.0735488,20.3956224,0.008192000000000199,0.19005440000000018,44403.076171875,0.23361935938398046,0.29683895409107214,0.7524752475247525,0.17647058823535228,0.25106492290368204,0.0857988165680474,0.29778688195364905,3.5734425834437884,3.762376237623762,0.7531947687110461,0.1417647058823733,0.40085193832294563,0.24752475247524752,0.25106492290368204,0.7524752475247525,1,0.08,0.25
17,16,6.176768,6.18496,6.176768,20.3956224,0.008192000000000199,0.09502719999999965,43792.724609375,0.21670045740902422,0.2655046418309212,0.7128712871287128,0.17647058823535228,0.18191980437622424,0.0428994082840235,0.30284773265855325,3.634172791902639,3.564356435643564,0.5457594131286727,0.1417647058823733,0.34553584350097943,0.28712871287128716,0.18191980437622424,0.7128712871287128,1,0.08,0.25
18,17,6.3766528,6.381568,6.3766528,20.3956224,0.0049152000000001195,0.19169279999999933,44860.83984375,0.17453682385385036,0.19284200817346572,0.7821782178217822,0.05882352941182661,0.009603099424788765,0.08653846153846122,0.312648110214082,3.751777322568984,3.910891089108911,0.028809298274366298,0.10058823529413931,0.20768247953983102,0.2178217821782178,0.009603099424788765,0.7821782178217822,1,0.08,0.25
19,18,7.5399168,7.5464704,7.5399168,20.3956224,0.006553599999999271,1.1583488000000006,45013.427734375,0.2087345385551453,0.237855726480484,0.7920792079207921,0.11764705882355755,0.14936423994616352,0.5229289940828404,0.3696830943487167,4.436197132184601,3.9603960396039604,0.4480927198384905,0.12117647058824514,0.3194913919569308,0.20792079207920788,0.14936423994616352,0.7920792079207921,1,0.08,0.25
20,19,7.65952,7.6644352,7.65952,20.3956224,0.0049152000000001195,0.11304960000000008,45013.427734375,0.20314593743532897,0.218512199819088,0.7920792079207921,0.05882352941182661,0.1265244311096103,0.051035502958579906,0.37554725468932,4.50656705627184,3.9603960396039604,0.37957329332883094,0.10058823529413931,0.30121954488768826,0.20792079207920788,0.1265244311096103,0.7920792079207921,1,0.08,0.25
21,20,9.879552,9.887744,9.879552,20.3956224,0.008191999999999311,2.2151168000000006,46386.71875,0.23517473613222442,0.28701080083847047,0.8811881188118812,0.17647058823532039,0.2574215239272812,1.0,0.4843957103265454,5.812748523918545,4.405940594059406,0.7722645717818435,0.14176470588236212,0.40593721914182496,0.1188118811881188,0.2574215239272812,0.8811881188118812,1,0.08,0.25
22,21,10.051584,10.0614144,10.051584,20.3956224,0.009830400000000239,0.16384000000000043,45471.19140625,0.29612412484628814,0.4000210493803024,0.8217821782178217,0.2352941176471151,0.5065129078154448,0.07396449704142029,0.4928304615013857,5.913965538016629,4.108910891089109,1.5195387234463342,0.1623529411764903,0.6052103262523558,0.17821782178217827,0.5065129078154448,0.8217821782178217,1,0.08,0.25
23,22,10.149888,10.1564416,10.149888,20.3956224,0.006553600000000159,0.08847360000000037,45318.603515625,0.18457560807466505,0.21769431680440904,0.8118811881188119,0.11764705882358943,0.0506301664204648,0.039940828402367026,0.49765031931558024,5.971803831786962,4.0594059405940595,0.1518904992613944,0.1211764705882563,0.24050413313637187,0.18811881188118806,0.0506301664204648,0.8118811881188119,1,0.08,0.25
24,23,10.248192,10.2580224,10.248192,20.3956224,0.009830400000000239,0.09175039999999868,46081.54296875,0.31467413018856727,0.425072455406189,0.8613861386138614,0.2352941176471151,0.582324111165134,0.04142011834319466,0.5024701771297746,6.029642125557295,4.306930693069307,1.7469723334954022,0.1623529411764903,0.6658592889321073,0.13861386138613863,0.582324111165134,0.8613861386138614,1,0.08,0.25
25,24,10.3514112,10.3579648,10.3514112,20.3956224,0.006553600000000159,0.0933887999999996,45166.015625,0.18845680192112924,0.2182613864541054,0.801980198019802,0.11764705882358943,0.06649204734743315,0.04215976331360928,0.5075310278346788,6.090372334016147,4.00990099009901,0.19947614204229946,0.1211764705882563,0.2531936378779465,0.19801980198019797,0.06649204734743315,0.801980198019802,1,0.08,0.25
26,25,10.4546304,10.4644608,10.4546304,20.3956224,0.009830400000000239,0.09666559999999969,45318.603515625,0.31004097663930485,0.418584606051445,0.8118811881188119,0.2352941176471151,0.5633890791049054,0.04363905325443772,0.512591878539583,6.151102542474996,4.0594059405940595,1.6901672373147163,0.1623529411764903,0.6507112632839244,0.18811881188118806,0.5633890791049054,0.8118811881188119,1,0.08,0.25
27,26,10.5644032,10.5693184,10.5644032,20.3956224,0.004915200000001008,0.09994239999999976,44708.251953125,0.18711684085428715,0.20187479853630066,0.7722772277227723,0.0588235294118585,0.06101581922541198,0.045118343195266156,0.5179740530987669,6.2156886371852025,3.8613861386138613,0.18304745767623593,0.10058823529415048,0.2488126553803296,0.2277227722772277,0.06101581922541198,0.7722772277227723,1,0.08,0.25
28,27,10.6692608,10.6774528,10.6692608,20.3956224,0.008191999999999311,0.09994239999999976,45318.603515625,0.28796083343525725,0.3667019456624985,0.8118811881188119,0.17647058823532039,0.47315071013704796,0.045118343195266156,0.523115234767241,6.277382817206892,4.0594059405940595,1.4194521304111438,0.14176470588236212,0.5785205681096384,0.18811881188118806,0.47315071013704796,0.8118811881188119,1,0.08,0.25
29,28,11.1935488,11.2017408,11.1935488,20.3956224,0.008191999999999311,0.516096000000001,45623.779296875,0.2657842449843884,0.3243351042270661,0.8316831683168316,0.17647058823532039,0.38251818331942367,0.23298816568047376,0.5488211431096116,6.58585371731534,4.158415841584159,1.1475545499582709,0.14176470588236212,0.506014546655539,0.16831683168316836,0.38251818331942367,0.8316831683168316,1,0.08,0.25
30,29,11.3803264,11.3917952,11.3803264,20.3956224,0.011468800000001167,0.1785855999999999,44250.48828125,0.3192662939429283,0.47437492907047274,0.7425742574257426,0.2941176470589098,0.6010916238301285,0.08062130177514787,0.5579788729565811,6.695746475478973,3.7128712871287126,1.8032748714903855,0.18294117647061842,0.6808732990641029,0.25742574257425743,0.6010916238301285,0.7425742574257426,1,0.08,0.25
31,30,11.4507776,11.460608,11.4507776,20.3956224,0.009830400000000239,0.05898239999999966,46691.89453125,0.24166015386581421,0.32426537722349164,0.900990099009901,0.2352941176471151,0.2839264932540689,0.02662721893491108,0.5614331043900872,6.737197252681046,4.504950495049505,0.8517794797622067,0.1623529411764903,0.4271411946032551,0.09900990099009899,0.2839264932540689,0.900990099009901,1,0.08,0.25
32,31,11.6588544,11.6670464,11.6588544,20.3956224,0.008192000000001087,0.1982463999999986,43945.3125,0.2601303021113078,0.3228180781006813,0.7227722772277227,0.17647058823538417,0.3594113321369227,0.08949704142011769,0.5716351367634654,6.859621641161585,3.6138613861386135,1.0782339964107681,0.14176470588238446,0.4875290657095382,0.27722772277227725,0.3594113321369227,0.7227722772277227,1,0.08,0.25
33,32,11.7080064,11.71456,11.7080064,20.3956224,0.006553600000000159,0.04096000000000011,46691.89453125,0.1855136162042618,0.21630757451057434,0.900990099009901,0.11764705882358943,0.05446367071032303,0.018491124260355072,0.5740450656705627,6.888540788046752,4.504950495049505,0.16339101213096907,0.1211764705882563,0.24357093656825843,0.09900990099009899,0.05446367071032303,0.900990099009901,1,0.08,0.25
34,33,11.8882304,11.8964224,11.8882304,20.3956224,0.008192000000001087,0.1736703999999989,47302.24609375,0.24655164939661825,0.3091200619935989,0.9405940594059405,0.17647058823538417,0.3039173318294458,0.07840236686390481,0.5828814716632525,6.994577659959031,4.702970297029703,0.9117519954883374,0.14176470588238446,0.44313386546355665,0.05940594059405946,0.3039173318294458,0.9405940594059405,1,0.08,0.25
35,34,11.935744,11.9422976,11.935744,20.3956224,0.006553600000000159,0.03932159999999918,43487.548828125,0.21143795385956765,0.24453768134117126,0.693069306930693,0.11764705882358943,0.16041270939943672,0.017751479289940454,0.5852110696067799,7.022532835281359,3.465346534653465,0.48123812819831013,0.1211764705882563,0.32833016751954935,0.306930693069307,0.16041270939943672,0.693069306930693,1,0.08,0.25
36,35,12.009472,12.0127488,12.009472,20.3956224,0.0032768000000000796,0.06717440000000074,43182.373046875,0.17297983765602112,0.19119779020547867,0.6732673267326733,6.377659838149668e-14,0.0032399208122596388,0.030325443786982577,0.5888259629674258,7.0659115556091106,3.3663366336633667,0.009719762436778917,0.08000000000002232,0.20259193664980774,0.3267326732673267,0.0032399208122596388,0.6732673267326733,1,0.08,0.25
37,36,12.066816,12.0766464,12.066816,20.3956224,0.009830400000000239,0.05406719999999865,47302.24609375,0.24374347925186154,0.3179310247302055,0.9405940594059405,0.2352941176471151,0.29244074441308227,0.024408284023668025,0.5916375466923726,7.09965056030847,4.702970297029703,0.8773222332392467,0.1623529411764903,0.43395259553046583,0.05940594059405946,0.29244074441308227,0.9405940594059405,1,0.08,0.25
38,37,12.1946112,12.2109952,12.1946112,20.3956224,0.016383999999998622,0.11796480000000109,47760.009765625,0.28268473466688937,0.3479927241802216,0.9702970297029703,0.47058823529410265,0.4515880534562905,0.053254437869822965,0.5979033618508254,7.1748403422099045,4.851485148514851,1.3547641603688714,0.24470588235293594,0.5612704427650324,0.02970297029702973,0.4515880534562905,0.9702970297029703,1,0.08,0.25
39,38,12.2519552,12.2601472,12.2519552,20.3956224,0.008192000000001087,0.04096000000000011,43334.9609375,0.2525530012945334,0.3088950887322426,0.6831683168316832,0.17647058823538417,0.3284439937204223,0.018491124260355072,0.6007149455757721,7.208579346909265,3.415841584158416,0.985331981161267,0.14176470588238446,0.4627551949763379,0.3168316831683168,0.3284439937204223,0.6831683168316832,1,0.08,0.25
40,39,12.3060224,12.3256832,12.3060224,20.3956224,0.019660800000000478,0.04587519999999934,48217.7734375,0.17501000309219725,0.24519729614257812,1.0,0.588235294117692,0.011536914903397116,0.02071005917159733,0.6033658673735791,7.240390408482949,5.0,0.03461074471019135,0.2858823529411922,0.2092295319227177,0.0,0.011536914903397116,1.0,1,0.08,0.25
41,40,12.4092416,12.4174336,12.4092416,20.3956224,0.008192000000001087,0.08355839999999937,46997.0703125,0.2408466481914123,0.30422560870647436,0.9207920792079208,0.17647058823538417,0.2806018125884712,0.03772189349112397,0.6084267180784834,7.3011206169418,4.6039603960396045,0.8418054377654136,0.14176470588238446,0.424481450070777,0.07920792079207917,0.2806018125884712,0.9207920792079208,1,0.08,0.25
42,41,12.4370944,12.4452864,12.4370944,20.3956224,0.008192000000001087,0.0196607999999987,45623.779296875,0.2414671347786983,0.2962033569812775,0.8316831683168316,0.17647058823538417,0.2831376520115079,0.008875739644969826,0.6097923444591717,7.317508133510061,4.158415841584159,0.8494129560345238,0.14176470588238446,0.42651012160920637,0.16831683168316836,0.2831376520115079,0.8316831683168316,1,0.08,0.25
43,42,12.4960768,12.5124608,12.4960768,20.3956224,0.016383999999998622,0.050790400000000346,46081.54296875,0.4168739321556958,0.6795694708824158,0.8613861386138614,0.47058823529410265,1.0,0.02292899408284039,0.6126842591476885,7.352211109772263,4.306930693069307,3.0,0.24470588235293594,1.0,0.13861386138613863,1.0,0.8613861386138614,1,0.08,0.25
44,43,12.5681664,12.599296,12.5681664,20.3956224,0.03112959999999987,0.055705600000001354,46386.71875,0.22617813203483816,0.37750159949064255,0.8811881188118812,1.0,0.22065369717474195,0.025147928994083444,0.6162188215447645,7.394625858537173,4.405940594059406,0.6619610915242259,0.43,0.3765229577397936,0.1188118811881188,0.22065369717474195,0.8811881188118812,1,0.08,0.25
45,44,12.6533632,12.6615552,12.6533632,20.3956224,0.008192000000001087,0.05406719999999865,43945.3125,0.21344337699313956,0.2684424340724945,0.7227722772277227,0.17647058823538417,0.16860858525909897,0.024408284023668025,0.6203960316503996,7.444752379804795,3.6138613861386135,0.5058257557772969,0.14176470588238446,0.3348868682072792,0.27722772277227725,0.16860858525909897,0.7227722772277227,1,0.08,0.25
46,45,12.6763008,12.6861312,12.6763008,20.3956224,0.009830400000000239,0.01474559999999947,46539.306640625,0.3133019917777607,0.41465264558792114,0.8910891089108911,0.2352941176471151,0.5767163788671553,0.00665680473372757,0.6215206651403783,7.45824798168454,4.455445544554456,1.730149136601466,0.1623529411764903,0.6613731030937242,0.1089108910891089,0.5767163788671553,0.8910891089108911,1,0.08,0.25
47,46,12.7434752,12.7516672,12.7434752,20.3956224,0.008191999999999311,0.057344000000000506,44403.076171875,0.279603997990489,0.34331690073013305,0.7524752475247525,0.17647058823532039,0.4389975258347638,0.025887573964497264,0.6248142346467446,7.497770815760935,3.762376237623762,1.3169925775042914,0.14176470588236212,0.5511980206678111,0.24752475247524752,0.4389975258347638,0.7524752475247525,1,0.08,0.25
48,47,12.7680512,12.7762432,12.7680512,20.3956224,0.008191999999999311,0.016384000000000398,46234.130859375,0.20905809625983238,0.2446018397808075,0.8712871287128713,0.17647058823532039,0.15068657374029373,0.00739644970414219,0.6260191991002932,7.512230389203519,4.356435643564357,0.4520597212208812,0.14176470588236212,0.320549258992235,0.12871287128712872,0.15068657374029373,0.8712871287128713,1,0.08,0.25
49,48,12.8303104,12.8466944,12.8303104,20.3956224,0.016384000000000398,0.054067200000000426,44250.48828125,0.17637533254244112,0.21320270597934723,0.7425742574257426,0.47058823529416643,0.017116819959049245,0.024408284023668826,0.6290717757159497,7.5488613085913965,3.7128712871287126,0.05135045987714773,0.24470588235295826,0.2136934559672394,0.25742574257425743,0.017116819959049245,0.7425742574257426,1,0.08,0.25
50,49,12.8974848,12.9155072,12.8974848,20.3956224,0.01802239999999955,0.050790400000000346,46081.54296875,0.17218707160403332,0.22822311520576477,0.8613861386138614,0.5294117647058973,0.0,0.02292899408284039,0.6323653452223159,7.588384142667791,4.306930693069307,0.0,0.26529411764706406,0.2,0.13861386138613863,0.0,0.8613861386138614,1,0.08,0.25
51,50,13.1121152,13.1186688,13.1121152,20.3956224,0.006553600000000159,0.19660799999999945,46386.71875,0.18824557304382322,0.21871722787618636,0.8811881188118812,0.11764705882358943,0.0656287853119083,0.08875739644970387,0.6428887014499739,7.714664417399687,4.405940594059406,0.1968863559357249,0.1211764705882563,0.25250302824952664,0.1188118811881188,0.0656287853119083,0.8811881188118812,1,0.08,0.25
52,51,13.2005888,13.205504,13.2005888,20.3956224,0.004915199999999231,0.08192000000000021,46386.71875,0.1750678174197674,0.1855141028761864,0.8811881188118812,0.058823529411794716,0.011773193743379814,0.036982248520710144,0.6472265734827489,7.766718881792987,4.405940594059406,0.03531958123013944,0.10058823529412815,0.20941855499470385,0.1188118811881188,0.011773193743379814,0.8811881188118812,1,0.08,0.25
53,52,13.2399104,13.2481024,13.2399104,20.3956224,0.008192000000001087,0.03440639999999995,32806.396484375,0.2564087173591057,0.31642343699932096,0.0,0.17647058823538417,0.344201750617868,0.015532544378698198,0.6491545166084267,7.7898541993011206,0.0,1.032605251853604,0.14176470588238446,0.47536140049429443,1.0,0.344201750617868,0.0,1,0.08,0.25
54,53,13.279232,13.2939776,13.279232,20.3956224,0.01474559999999947,0.03112959999999987,46386.71875,0.22280792921781542,0.2606042385101318,0.8811881188118812,0.4117647058823717,0.20688016307722482,0.014053254437869759,0.6510824597341045,7.812989516809254,4.405940594059406,0.6206404892316745,0.22411764705883008,0.3655041304617799,0.1188118811881188,0.20688016307722482,0.8811881188118812,1,0.08,0.25
55,54,13.3152768,13.3234688,13.3152768,20.3956224,0.008192000000001087,0.02129919999999963,32806.396484375,0.20395079938073957,0.24864852726459502,0.0,0.17647058823538417,0.12981378609825167,0.009615384615384446,0.6528497409326425,7.834196891191709,0.0,0.389441358294755,0.14176470588238446,0.3038510288786014,1.0,0.12981378609825167,0.0,1,0.08,0.25
56,55,13.3758976,13.3808128,13.3758976,20.3956224,0.004915199999999231,0.0524287999999995,47149.658203125,0.19817143548280003,0.2224793314933777,0.9306930693069307,0.058823529411794716,0.10619435722941259,0.023668639053254205,0.6558219865847291,7.86986383901675,4.653465346534654,0.31858307168823774,0.10058823529412815,0.2849554857835301,0.06930693069306926,0.10619435722941259,0.9306930693069307,1,0.08,0.25
57,56,13.459456,13.4643712,13.459456,20.3956224,0.004915200000001008,0.07864320000000014,43640.13671875,0.1929387589916587,0.2105797052383423,0.7029702970297029,0.0588235294118585,0.08480916114923104,0.035502958579881706,0.6599188657267944,7.919026388721532,3.5148514851485144,0.2544274834476931,0.10058823529415048,0.26784732891938484,0.29702970297029707,0.08480916114923104,0.7029702970297029,1,0.08,0.25
58,57,13.55776,13.5626752,13.55776,20.3956224,0.004915199999999231,0.0933887999999996,48065.185546875,0.19545957054942847,0.21240416169166565,0.9900990099009901,0.058823529411794716,0.0951113553581332,0.04215976331360928,0.6647387235409888,7.9768646824918665,4.9504950495049505,0.2853340660743996,0.10058823529412815,0.2760890842865066,0.00990099009900991,0.0951113553581332,0.9900990099009901,1,0.08,0.25
59,58,13.8723328,13.8805248,13.8723328,20.3956224,0.008191999999999311,0.3096576000000013,45013.427734375,0.31472145318984984,0.39081359505653385,0.7920792079207921,0.17647058823532039,0.582517513463794,0.13979289940828457,0.6801622685464113,8.161947222556936,3.9603960396039604,1.747552540391382,0.14176470588236212,0.6660140107710353,0.20792079207920788,0.582517513463794,0.7920792079207921,1,0.08,0.25
60,59,14.1541376,14.1590528,14.1541376,20.3956224,0.004915199999999231,0.27361280000000043,45013.427734375,0.18204791992902758,0.20614841878414156,0.7920792079207921,0.058823529411794716,0.040299868586169005,0.12352071005917176,0.6939791942804354,8.327750331365225,3.9603960396039604,0.12089960575850701,0.10058823529412815,0.2322398948689352,0.20792079207920788,0.040299868586169005,0.7920792079207921,1,0.08,0.25
61,60,14.5145856,14.5211392,14.5145856,20.3956224,0.006553600000000159,0.35553280000000065,45471.19140625,0.20804259836673739,0.23653765171766283,0.8217821782178217,0.11764705882358943,0.14653637993419608,0.16050295857988192,0.7116520062658152,8.539824075189781,4.108910891089109,0.4396091398025882,0.1211764705882563,0.31722910394735687,0.17821782178217827,0.14653637993419608,0.8217821782178217,1,0.08,0.25
62,61,14.6292736,14.639104,14.6292736,20.3956224,0.009830400000000239,0.10813439999999908,44708.251953125,0.27222727196557184,0.3628257587552071,0.7722772277227723,0.2352941176471151,0.408849907739187,0.04881656804733685,0.7172751737157087,8.607302084588504,3.8613861386138613,1.226549723217561,0.1623529411764903,0.5270799261913497,0.2277227722772277,0.408849907739187,0.7722772277227723,1,0.08,0.25
63,62,14.7013632,14.7079168,14.7013632,20.3956224,0.006553600000000159,0.06225919999999974,45776.3671875,0.19413305014371873,0.2303545638918877,0.8415841584158416,0.11764705882358943,0.08969005728467304,0.028106508875739518,0.7208097361127846,8.649716833353416,4.207920792079208,0.2690701718540191,0.1211764705882563,0.27175204582773843,0.15841584158415845,0.08969005728467304,0.8415841584158416,1,0.08,0.25
64,63,14.7849216,14.7931136,14.7849216,20.3956224,0.008191999999999311,0.07700480000000098,45928.955078125,0.23914785596231622,0.2921700716018677,0.8514851485148515,0.17647058823532039,0.2736590931254561,0.03476331360946789,0.72490661525485,8.6988793830582,4.257425742574258,0.8209772793763683,0.14176470588236212,0.41892727450036493,0.14851485148514854,0.2736590931254561,0.8514851485148515,1,0.08,0.25
65,64,14.9618688,14.966784,14.9618688,20.3956224,0.004915200000001008,0.16875519999999966,45928.955078125,0.19675083160400392,0.20782283022999765,0.8514851485148515,0.0588235294118585,0.10038855353569047,0.07618343195266256,0.7335823593204001,8.8029883118448,4.257425742574258,0.3011656606070714,0.10058823529415048,0.2803108428285524,0.14851485148514854,0.10038855353569047,0.8514851485148515,1,0.08,0.25
66,65,15.015936,15.0192128,15.015936,20.3956224,0.0032768000000000796,0.04915199999999942,43640.13671875,0.18314794376492502,0.19007689952850343,0.7029702970297029,6.377659838149668e-14,0.04479550776114295,0.022189349112425767,0.736233281118207,8.834799373418484,3.5148514851485144,0.13438652328342887,0.08000000000002232,0.23583640620891438,0.29702970297029707,0.04479550776114295,0.7029702970297029,1,0.08,0.25
67,66,15.0519808,15.056896,15.0519808,20.3956224,0.004915199999999231,0.032768000000000796,45776.3671875,0.19205782003700733,0.20829361379146577,0.8415841584158416,0.058823529411794716,0.08120889036777093,0.01479289940828438,0.738000562316745,8.85600674780094,4.207920792079208,0.2436266711033128,0.10058823529412815,0.26496711229421677,0.15841584158415845,0.08120889036777093,0.8415841584158416,1,0.08,0.25
68,67,15.1093248,15.1175168,15.1093248,20.3956224,0.008192000000001087,0.0524287999999995,44403.076171875,0.2805587336421013,0.3484651029109955,0.7524752475247525,0.17647058823538417,0.44289939310078613,0.023668639053254205,0.7408121460416918,8.889745752500302,3.762376237623762,1.3286981793023585,0.14176470588238446,0.554319514480629,0.24752475247524752,0.44289939310078613,0.7524752475247525,1,0.08,0.25
69,68,15.1355392,15.1437312,15.1355392,20.3956224,0.008191999999999311,0.01802239999999955,45623.779296875,0.2580007273703813,0.3105107322335243,0.8316831683168316,0.17647058823532039,0.3507080665176525,0.008136094674556008,0.7420974414588103,8.905169297505724,4.158415841584159,1.0521241995529576,0.14176470588236212,0.48056645321412206,0.16831683168316836,0.3507080665176525,0.8316831683168316,1,0.08,0.25
70,69,15.19616,15.2027136,15.19616,20.3956224,0.006553599999998383,0.052428800000001274,43487.548828125,0.22062049195170402,0.25504904985427856,0.693069306930693,0.11764705882352566,0.19794042164125364,0.023668639053255006,0.7450696871108969,8.940836245330763,3.465346534653465,0.5938212649237609,0.12117647058823398,0.3583523373130029,0.306930693069307,0.19794042164125364,0.693069306930693,1,0.08,0.25
71,70,15.2240128,15.2305664,15.2240128,20.3956224,0.006553600000000159,0.021299200000001406,45776.3671875,0.18531839430332184,0.2119355946779251,0.8415841584158416,0.11764705882358943,0.0536658268845458,0.009615384615385247,0.7464353134915853,8.957223761899023,4.207920792079208,0.1609974806536374,0.1211764705882563,0.24293266150763665,0.15841584158415845,0.0536658268845458,0.8415841584158416,1,0.08,0.25
72,71,15.2813568,15.2846336,15.2813568,20.3956224,0.0032768000000000796,0.05079039999999857,42572.021484375,0.17637728080153467,0.18575987964868546,0.6336633663366337,6.377659838149668e-14,0.0171247822137006,0.022928994082839587,0.749246897216532,8.990962766598384,3.1683168316831685,0.0513743466411018,0.08000000000002232,0.2136998257709605,0.36633663366336633,0.0171247822137006,0.6336633663366337,1,0.08,0.25
73,72,15.3075712,15.3141248,15.3075712,20.3956224,0.006553600000000159,0.022937600000000558,46691.89453125,0.22673332780599592,0.25693578720092775,0.900990099009901,0.11764705882358943,0.22292270242457854,0.010355029585799065,0.7505321926336506,9.006386311603807,4.504950495049505,0.6687681072737356,0.1211764705882563,0.37833816193966285,0.09900990099009899,0.22292270242457854,0.900990099009901,1,0.08,0.25
74,73,15.7351936,15.7384704,15.7351936,20.3956224,0.0032768000000000796,0.42106880000000046,45928.955078125,0.18062117298444114,0.18657696843147278,0.8514851485148515,6.377659838149668e-14,0.03446895906626365,0.19008875739644987,0.7714985741253967,9.25798288950476,4.257425742574258,0.10340687719879094,0.08000000000002232,0.22757516725301094,0.14851485148514854,0.03446895906626365,0.8514851485148515,1,0.08,0.25
75,74,15.8253056,15.8334976,15.8253056,20.3956224,0.008191999999999311,0.08683519999999945,46081.54296875,0.25544130566219486,0.3271116077899933,0.8613861386138614,0.17647058823532039,0.3402480781782048,0.039201183431952405,0.7759167771217416,9.311001325460898,4.306930693069307,1.0207442345346145,0.14176470588236212,0.47219846254256387,0.13861386138613863,0.3402480781782048,0.8613861386138614,1,0.08,0.25
76,75,16.0006144,16.007168,16.0006144,20.3956224,0.006553600000000159,0.1671168000000005,45471.19140625,0.22082076370716094,0.2570833325386047,0.8217821782178217,0.11764705882358943,0.19875890349600217,0.07544378698224873,0.7845121902237217,9.41414628268466,4.108910891089109,0.5962767104880065,0.1211764705882563,0.35900712279680175,0.17821782178217827,0.19875890349600217,0.8217821782178217,1,0.08,0.25
77,76,16.1742848,16.1792,16.1742848,20.3956224,0.004915200000002784,0.16711679999999873,44250.48828125,0.2025837788358331,0.2229007571935654,0.7425742574257426,0.05882352941192227,0.12422696978198344,0.07544378698224793,0.7930272723621319,9.516327268345583,3.7128712871287126,0.37268090934595033,0.1005882352941728,0.2993815758255868,0.25742574257425743,0.12422696978198344,0.7425742574257426,1,0.08,0.25
78,77,16.30208,16.3086336,16.30208,20.3956224,0.006553600000000159,0.12287999999999855,44097.900390625,0.21567257910966875,0.24506850540637973,0.7326732673267327,0.11764705882358943,0.17771901363070547,0.05547337278106442,0.7992930875205848,9.591517050247017,3.663366336633663,0.5331570408921165,0.1211764705882563,0.3421752109045644,0.26732673267326734,0.17771901363070547,0.7326732673267327,1,0.08,0.25
79,78,16.3463168,16.3495936,16.3463168,20.3956224,0.0032767999999983033,0.03768320000000003,43945.3125,0.17850736205776532,0.19065805822610854,0.7227722772277227,0.0,0.025830117888155073,0.017011834319526634,0.8014620235369723,9.617544282443667,3.6138613861386135,0.07749035366446522,0.08,0.22066409431052408,0.27722772277227725,0.025830117888155073,0.7227722772277227,1,0.08,0.25
80,79,16.433152,16.441344,16.433152,20.3956224,0.008192000000001087,0.08355840000000114,44097.900390625,0.2822703125576178,0.35092014372348784,0.7326732673267327,0.17647058823538417,0.4498943699117911,0.037721893491124765,0.8057195646061774,9.668634775274128,3.663366336633663,1.3496831097353734,0.14176470588238446,0.5599154959294329,0.26732673267326734,0.4498943699117911,0.7326732673267327,1,0.08,0.25
81,80,16.4708352,16.4773888,16.4708352,20.3956224,0.006553600000000159,0.02949119999999894,44403.076171875,0.2015102964639664,0.23564821034669878,0.7524752475247525,0.11764705882358943,0.11983980175241922,0.01331360946745514,0.8075671767682853,9.690806121219424,3.762376237623762,0.3595194052572577,0.1211764705882563,0.2958718414019354,0.24752475247524752,0.11983980175241922,0.7524752475247525,1,0.08,0.25
82,81,16.6330368,16.6395904,16.6330368,20.3956224,0.006553600000000159,0.15564799999999934,44860.83984375,0.22307907849550251,0.258250480145216,0.7821782178217822,0.11764705882358943,0.20798831116934455,0.07026627218934879,0.8155199421617062,9.786239305940475,3.910891089108911,0.6239649335080336,0.1211764705882563,0.3663906489354757,0.2178217821782178,0.20798831116934455,0.7821782178217822,1,0.08,0.25
83,82,16.8886272,16.8935424,16.8886272,20.3956224,0.004915200000002784,0.24903679999999895,44250.48828125,0.18479620702564717,0.19583154618740084,0.7425742574257426,0.05882352941192227,0.05153172259918547,0.11242603550295807,0.8280515724786118,9.936618869743342,3.7128712871287126,0.1545951677975564,0.1005882352941728,0.24122537807934838,0.25742574257425743,0.05153172259918547,0.7425742574257426,1,0.08,0.25
84,83,17.1638784,17.1687936,17.1638784,20.3956224,0.004915199999999231,0.27033600000000035,47454.833984375,0.1841227797791362,0.20410162955522534,0.9504950495049505,0.058823529411794716,0.04877952231759823,0.12204142011834332,0.8415471743583565,10.098566092300278,4.752475247524752,0.14633856695279468,0.10058823529412815,0.2390236178540786,0.04950495049504955,0.04877952231759823,0.9504950495049505,1,0.08,0.25
85,84,17.2474368,17.2539904,17.2474368,20.3956224,0.006553600000000159,0.07864319999999836,46539.306640625,0.22207869842648503,0.2608710765838623,0.8910891089108911,0.11764705882358943,0.20389990173549896,0.03550295857988091,0.8456440535004217,10.14772864200506,4.455445544554456,0.6116997052064969,0.1211764705882563,0.3631199213883992,0.1089108910891089,0.20389990173549896,0.8910891089108911,1,0.08,0.25
86,85,17.32608,17.3359104,17.32608,20.3956224,0.009830399999998463,0.07208960000000175,46997.0703125,0.2367698368217264,0.31053878962993625,0.9207920792079208,0.23529411764705133,0.2639404709843717,0.032544378698225636,0.8494999397517774,10.193999277021328,4.6039603960396045,0.791821412953115,0.16235294117646798,0.4111523767874974,0.07920792079207917,0.2639404709843717,0.9207920792079208,1,0.08,0.25
87,86,17.4112768,17.4178304,17.4112768,20.3956224,0.006553600000000159,0.07536640000000006,46844.482421875,0.20513020098209384,0.23326456695795061,0.9108910891089109,0.11764705882358943,0.13463383078187396,0.03402366863905327,0.8536771498574125,10.24412579828895,4.554455445544555,0.4039014923456219,0.1211764705882563,0.3077070646254992,0.08910891089108908,0.13463383078187396,0.9108910891089109,1,0.08,0.25
88,87,17.4751744,17.481728,17.4751744,20.3956224,0.006553600000000159,0.057344000000000506,43792.724609375,0.2045030988752842,0.24655699580907825,0.7128712871287128,0.11764705882358943,0.1320709546822101,0.025887573964497264,0.856810057436639,10.281720689239668,3.564356435643564,0.39621286404663036,0.1211764705882563,0.3056567637457681,0.28712871287128716,0.1320709546822101,0.7128712871287128,1,0.08,0.25
89,88,17.4997504,17.5095808,17.4997504,20.3956224,0.009830399999998463,0.01802239999999955,46539.306640625,0.3190076438444001,0.43041762411594386,0.8910891089108911,0.23529411764705133,0.6000345580851797,0.008136094674556008,0.8580150218901875,10.29618026268225,4.455445544554456,1.800103674255539,0.16235294117646798,0.6800276464681438,0.1089108910891089,0.6000345580851797,0.8910891089108911,1,0.08,0.25
90,89,17.6930816,17.702912,17.6930816,20.3956224,0.009830400000002015,0.1835008000000009,46081.54296875,0.3614016166755131,0.48730750977993015,0.8613861386138614,0.23529411764717886,0.7732926265222549,0.08284023668639093,0.8674940755914367,10.409928907097239,4.306930693069307,2.3198778795667647,0.1623529411765126,0.818634101217804,0.13861386138613863,0.7732926265222549,0.8613861386138614,1,0.08,0.25
91,90,17.743872,17.7504256,17.743872,20.3956224,0.006553600000000159,0.04095999999999833,44250.48828125,0.2189747741818428,0.2569143295288086,0.7425742574257426,0.11764705882358943,0.19121460985818184,0.01849112426035427,0.8699843354621039,10.439812025545246,3.7128712871287126,0.5736438295745455,0.1211764705882563,0.3529716878865455,0.25742574257425743,0.19121460985818184,0.7425742574257426,1,0.08,0.25
92,91,17.8290688,17.8388992,17.8290688,20.3956224,0.009830399999998463,0.07864320000000191,46539.306640625,0.2422192426664489,0.29720204770565034,0.8910891089108911,0.23529411764705133,0.28621140875535156,0.03550295857988251,0.8741615455677392,10.48993854681287,4.455445544554456,0.8586342262660547,0.16235294117646798,0.42896912700428125,0.1089108910891089,0.28621140875535156,0.8910891089108911,1,0.08,0.25
93,92,17.9666944,17.9879936,17.9666944,20.3956224,0.021299199999997853,0.12779520000000133,46081.54296875,0.32923403036381516,0.5603638142347336,0.8613861386138614,0.6470588235293593,0.6418283286879779,0.05769230769230828,0.8809093465076114,10.570912158091337,4.306930693069307,1.9254849860639336,0.30647058823527573,0.7134626629503824,0.13861386138613863,0.6418283286879779,0.8613861386138614,1,0.08,0.25
94,93,18.0420608,18.055168,18.0420608,20.3956224,0.013107199999996766,0.0540672000000022,46234.130859375,0.267596791850196,0.34883883595466614,0.8712871287128713,0.3529411764705132,0.38992580161866996,0.024408284023669628,0.8846045708318272,10.615254849981927,4.356435643564357,1.16977740485601,0.20352941176467962,0.511940641294936,0.12871287128712872,0.38992580161866996,0.8712871287128713,1,0.08,0.25
95,94,18.1223424,18.1338112,18.1223424,20.3956224,0.01146879999999939,0.06717440000000252,47149.658203125,0.3905662018805742,0.5706301689147949,0.9306930693069307,0.294117647058846,0.8924840908260906,0.03032544378698338,0.8885407880467526,10.662489456561032,4.653465346534654,2.6774522724782717,0.1829411764705961,0.9139872726608724,0.06930693069306926,0.8924840908260906,0.9306930693069307,1,0.08,0.25
96,95,18.1993472,18.2157312,18.1993472,20.3956224,0.016384000000002175,0.06553599999999804,45013.427734375,0.2978566992689263,0.38145466744899753,0.7920792079207921,0.4705882352942302,0.5135936902437777,0.029585798816567154,0.8923163433345382,10.707796120014459,3.9603960396039604,1.540781070731333,0.24470588235298057,0.6108749521950221,0.20792079207920788,0.5135936902437777,0.7920792079207921,1,0.08,0.25
97,96,18.2829056,18.292736,18.2829056,20.3956224,0.009830400000002015,0.06717439999999897,45928.955078125,0.31045208317892886,0.41687234938144685,0.8514851485148515,0.23529411764717886,0.5650692123932117,0.030325443786981775,0.8964132224766036,10.756958669719243,4.257425742574258,1.6952076371796352,0.1623529411765126,0.6520553699145695,0.14851485148514854,0.5650692123932117,0.8514851485148515,1,0.08,0.25
98,97,18.3369728,18.3435264,18.3369728,20.3956224,0.006553599999996607,0.04423680000000019,47454.833984375,0.24768928438425064,0.2833708137273788,0.9504950495049505,0.11764705882346188,0.3085666823710626,0.019970414201183513,0.8990641442744106,10.788769731292927,4.752475247524752,0.9257000471131878,0.12117647058821165,0.4468533458968501,0.04950495049504955,0.3085666823710626,0.9504950495049505,1,0.08,0.25
99,98,18.3615488,18.3713792,18.3615488,20.3956224,0.009830399999998463,0.018022400000003103,45623.779296875,0.3625679320522717,0.4906055375933647,0.8316831683168316,0.23529411764705133,0.7780591896884547,0.008136094674557611,0.9002691087279592,10.80322930473551,4.158415841584159,2.334177569065364,0.16235294117646798,0.8224473517507638,0.16831683168316836,0.7780591896884547,0.8316831683168316,1,0.08,0.25
100,99,18.4205312,18.4270848,18.4205312,20.3956224,0.006553600000000159,0.04915199999999942,47149.658203125,0.2135441814363003,0.24166266173124315,0.9306930693069307,0.11764705882358943,0.16902055851721945,0.022189349112425767,0.9031610234164759,10.83793228099771,4.653465346534654,0.5070616755516584,0.1211764705882563,0.3352164468137756,0.06930693069306926,0.16902055851721945,0.9306930693069307,1,0.08,0.25
101,100,18.4434688,18.4532992,18.4434688,20.3956224,0.009830399999998463,0.016384000000002175,45623.779296875,0.24924844588552206,0.3327960014343262,0.8316831683168316,0.23529411764705133,0.3149387511358348,0.0073964497041429916,0.9042856569064547,10.851427882877456,4.158415841584159,0.9448162534075044,0.16235294117646798,0.45195100090866785,0.16831683168316836,0.3149387511358348,0.8316831683168316,1,0.08,0.25
102,101,18.5040896,18.5106432,18.5040896,20.3956224,0.006553600000000159,0.050790400000000346,47912.59765625,0.18718097493052485,0.2162455663084984,0.9801980198019802,0.11764705882358943,0.06127792596908064,0.02292899408284039,0.9072579025585412,10.887094830702495,4.900990099009901,0.18383377790724192,0.1211764705882563,0.24902234077526453,0.01980198019801982,0.06127792596908064,0.9801980198019802,1,0.08,0.25
103,102,18.530304,18.5401344,18.530304,20.3956224,0.009830399999998463,0.019660800000000478,45623.779296875,0.36877355203032497,0.5024104699492455,0.8316831683168316,0.23529411764705133,0.8034206658382662,0.008875739644970628,0.9085431979756597,10.902518375707917,4.158415841584159,2.4102619975147985,0.16235294117646798,0.8427365326706131,0.16831683168316836,0.8034206658382662,0.8316831683168316,1,0.08,0.25
104,103,18.6155008,18.6269696,18.6155008,20.3956224,0.01146879999999939,0.07536640000000006,45928.955078125,0.3803869183175266,0.5640119999647141,0.8514851485148515,0.294117647058846,0.8508828232300383,0.03402366863905327,0.9127204080812948,10.952644896975539,4.257425742574258,2.552648469690115,0.1829411764705961,0.8807062585840306,0.14851485148514854,0.8508828232300383,0.8514851485148515,1,0.08,0.25
105,104,18.6925056,18.702336,18.6925056,20.3956224,0.009830399999998463,0.06553600000000159,45776.3671875,0.27896634893757954,0.3716374263167382,0.8415841584158416,0.23529411764705133,0.4363915458836056,0.02958579881656876,0.9164959633690806,10.997951560428966,4.207920792079208,1.3091746376508169,0.16235294117646798,0.5491132367068845,0.15841584158415845,0.4363915458836056,0.8415841584158416,1,0.08,0.25
106,105,18.8284928,18.8350464,18.8284928,20.3956224,0.006553600000000159,0.1261568000000004,46539.306640625,0.2200414891541004,0.2459522858262062,0.8910891089108911,0.11764705882358943,0.1955741204990582,0.05695266272189366,0.9231634333453829,11.077961200144594,4.455445544554456,0.5867223614971746,0.1211764705882563,0.35645929639924656,0.1089108910891089,0.1955741204990582,0.8910891089108911,1,0.08,0.25
107,106,18.8678144,18.8776448,18.8678144,20.3956224,0.009830399999998463,0.032768000000000796,45471.19140625,0.3183042188840254,0.4402478724718094,0.8217821782178217,0.23529411764705133,0.5971597614623091,0.01479289940828438,0.9250913764710608,11.10109651765273,4.108910891089109,1.7914792843869272,0.16235294117646798,0.6777278091698473,0.17821782178217827,0.5971597614623091,0.8217821782178217,1,0.08,0.25
108,107,18.956288,18.96448,18.956288,20.3956224,0.008191999999997535,0.07864320000000191,45776.3671875,0.24645978783567749,0.3023922249674797,0.8415841584158416,0.1764705882352566,0.30354190684449295,0.03550295857988251,0.9294292485038358,11.153150982046029,4.207920792079208,0.9106257205334789,0.1417647058823398,0.4428335254755944,0.15841584158415845,0.30354190684449295,0.8415841584158416,1,0.08,0.25
109,108,18.997248,19.0021632,18.997248,20.3956224,0.004915199999999231,0.032768000000000796,46234.130859375,0.19601977188140154,0.20888555347919463,0.8712871287128713,0.058823529411794716,0.09740081761495427,0.01479289940828438,0.9314375225930834,11.177250271117002,4.356435643564357,0.2922024528448628,0.10058823529412815,0.2779206540919634,0.12871287128712872,0.09740081761495427,0.8712871287128713,1,0.08,0.25
110,109,19.0464,19.0562304,19.0464,20.3956224,0.009830400000002015,0.04423680000000019,46234.130859375,0.29748634334121427,0.41496879458427427,0.8712871287128713,0.23529411764717886,0.5120800988442353,0.019970414201183513,0.9338474515001807,11.206169418002169,4.356435643564357,1.536240296532706,0.1623529411765126,0.6096640790753882,0.12871287128712872,0.5120800988442353,0.8712871287128713,1,0.08,0.25
111,110,19.1315968,19.1381504,19.1315968,20.3956224,0.006553600000000159,0.07536640000000006,45166.015625,0.1991527035832405,0.22782507687807083,0.801980198019802,0.11764705882358943,0.11020465879700857,0.03402366863905327,0.938024661605816,11.256295939269792,4.00990099009901,0.3306139763910257,0.1211764705882563,0.28816372703760684,0.19801980198019797,0.11020465879700857,0.801980198019802,1,0.08,0.25
112,111,19.202048,19.2069632,19.202048,20.3956224,0.004915199999999231,0.06389760000000066,46386.71875,0.17531088721007107,0.19376941323280333,0.8811881188118812,0.058823529411794716,0.012766585009897564,0.02884615384615414,0.9414788930393221,11.297746716471865,4.405940594059406,0.03829975502969269,0.10058823529412815,0.21021326800791806,0.1188118811881188,0.012766585009897564,0.8811881188118812,1,0.08,0.25
113,112,19.2479232,19.2512,19.2479232,20.3956224,0.003276800000001856,0.04095999999999833,46691.89453125,0.17692790081103646,0.19042465686798096,0.900990099009901,1.2755319676299336e-13,0.019375086983888838,0.01849112426035427,0.9437281600192794,11.324737920231353,4.504950495049505,0.058125260951666514,0.08000000000004465,0.21550006958711107,0.09900990099009899,0.019375086983888838,0.900990099009901,1,0.08,0.25
114,113,19.3069056,19.3118208,19.3069056,20.3956224,0.004915199999999231,0.05570559999999958,45318.603515625,0.204012830555439,0.21860882937908174,0.8118811881188119,0.058823529411794716,0.13006729858584332,0.025147928994082643,0.9466200747077961,11.359440896493552,4.0594059405940595,0.39020189575752995,0.10058823529412815,0.30405383886867465,0.18811881188118806,0.13006729858584332,0.8118811881188119,1,0.08,0.25
115,114,19.3232896,19.3298432,19.3232896,20.3956224,0.006553600000000159,0.01146879999999939,46691.89453125,0.21339109703898435,0.23990067094564438,0.900990099009901,0.11764705882358943,0.16839492460712382,0.005177514792899132,0.9474233843434952,11.369080612121941,4.504950495049505,0.5051847738213715,0.1211764705882563,0.33471593968569907,0.09900990099009899,0.16839492460712382,0.900990099009901,1,0.08,0.25
116,115,19.4183168,19.4265088,19.4183168,20.3956224,0.008192000000001087,0.08847360000000037,45928.955078125,0.23781582539280258,0.2985495060682297,0.8514851485148515,0.17647058823538417,0.26821527580518606,0.039940828402367026,0.9520825802305498,11.424990962766598,4.257425742574258,0.8046458274155581,0.14176470588238446,0.4145722206441489,0.14851485148514854,0.26821527580518606,0.8514851485148515,1,0.08,0.25
117,116,19.4838528,19.4871296,19.4838528,20.3956224,0.0032767999999983033,0.057344000000000506,45013.427734375,0.17597881183028222,0.1870623290538788,0.7920792079207921,0.0,0.015496296849369725,0.025887573964497264,0.9552958187733462,11.463549825280154,3.9603960396039604,0.046488890548109174,0.08,0.2123970374794958,0.20792079207920788,0.015496296849369725,0.7920792079207921,1,0.08,0.25
118,117,19.6247552,19.6329472,19.6247552,20.3956224,0.008192000000001087,0.1376255999999998,46386.71875,0.22790640021363898,0.2756726428866387,0.8811881188118812,0.17647058823538417,0.22771688060398013,0.06213017751479279,0.9622042816403582,11.5464513796843,4.405940594059406,0.6831506418119404,0.14176470588238446,0.3821735044831841,0.1188118811881188,0.22771688060398013,0.8811881188118812,1,0.08,0.25
119,118,19.7705728,19.7738496,19.7705728,20.3956224,0.0032767999999983033,0.1376255999999998,45166.015625,0.1805596801141898,0.18747530654072764,0.801980198019802,0.0,0.034217646551514394,0.06213017751479279,0.9693537373980801,11.63224484877696,4.00990099009901,0.10265293965454318,0.08,0.22737411724121154,0.19801980198019797,0.034217646551514394,0.801980198019802,1,0.08,0.25
120,119,19.7935104,19.7984256,19.7935104,20.3956224,0.004915200000002784,0.019660800000000478,45623.779296875,0.19780226778239013,0.21422807574272157,0.8316831683168316,0.05882352941192227,0.10468562194392327,0.008875739644970628,0.9704783708880588,11.645740450656705,4.158415841584159,0.3140568658317698,0.1005882352941728,0.28374849755513865,0.16831683168316836,0.10468562194392327,0.8316831683168316,1,0.08,0.25
121,120,19.8852608,19.8934528,19.8852608,20.3956224,0.008191999999997535,0.08683519999999945,46386.71875,0.22375520269076032,0.26127272844314575,0.8811881188118812,0.1764705882352566,0.21075153349249443,0.039201183431952405,0.9749769048479737,11.699722858175685,4.405940594059406,0.6322546004774833,0.1417647058823398,0.36860122679399554,0.1188118811881188,0.21075153349249443,0.8811881188118812,1,0.08,0.25
122,121,19.9753728,19.9835648,19.9753728,20.3956224,0.008192000000001087,0.08192000000000021,45928.955078125,0.2168402894089619,0.26693961024284363,0.8514851485148515,0.17647058823538417,0.18249127764463938,0.036982248520710144,0.9793951078443185,11.752741294131821,4.257425742574258,0.5474738329339182,0.14176470588238446,0.3459930221157115,0.14851485148514854,0.18249127764463938,0.8514851485148515,1,0.08,0.25
123,122,20.0720384,20.0818688,20.0720384,20.3956224,0.009830399999998463,0.08847360000000037,45776.3671875,0.36777394360729626,0.4994987219572068,0.8415841584158416,0.23529411764705133,0.7993354100105726,0.039940828402367026,0.9841346346949431,11.809615616339318,4.207920792079208,2.3980062300317178,0.16235294117646798,0.839468328008458,0.15841584158415845,0.7993354100105726,0.8415841584158416,1,0.08,0.25
124,123,20.1736192,20.1785344,20.1736192,20.3956224,0.004915199999999231,0.09175040000000223,45928.955078125,0.185278145596385,0.2163675248622894,0.8514851485148515,0.058823529411794716,0.05350133620921451,0.04142011834319626,0.9891151544362775,11.86938185323533,4.257425742574258,0.16050400862764352,0.10058823529412815,0.24280106896737164,0.14851485148514854,0.05350133620921451,0.8514851485148515,1,0.08,0.25
125,124,20.2801152,20.291584,20.2801152,20.3956224,0.01146879999999939,0.10158080000000069,46081.54296875,0.3459606232121587,0.49899585247039796,0.8613861386138614,0.294117647058846,0.710187507479321,0.04585798816568078,0.9943366670683215,11.932040004819857,4.306930693069307,2.130562522437963,0.1829411764705961,0.768150005983457,0.13861386138613863,0.710187507479321,0.8613861386138614,1,0.08,0.25
